id,start x (nm),start y (nm),start z (nm),end x (nm),end y (nm),end z (nm),,neuroglancer url
1,61615.39843750001,24891.396484375,55224.11328125001,61602.84765625,25031.625,55435.85156250001,,https://neuroglancer-demo.appspot.com/#!%7B%22title%22%3A%20%223m-crop-10%22%2C%20%22dimensions%22%3A%20%7B%22x%22%3A%20%5B1e-09%2C%20%22m%22%5D%2C%20%22y%22%3A%20%5B1e-09%2C%20%22m%22%5D%2C%20%22z%22%3A%20%5B1e-09%2C%20%22m%22%5D%7D%2C%20%22position%22%3A%20%5B65286.0546875%2C%2021696.509765625%2C%2053384.25390625%5D%2C%20%22crossSectionOrientation%22%3A%20%5B0.7071067690849304%2C%20-0.7071067690849304%2C%200%2C%200%5D%2C%20%22crossSectionScale%22%3A%20102.74839643028295%2C%20%22crossSectionDepth%22%3A%20-5%2C%20%22projectionOrientation%22%3A%20%5B1%2C%200%2C%200%2C%200%5D%2C%20%22projectionScale%22%3A%2026993.56681275664%2C%20%22layers%22%3A%20%5B%7B%22type%22%3A%20%22image%22%2C%20%22source%22%3A%20%22n5%3A//https%3A//cellmap-vm1.int.janelia.org/nrs/data/jrc_22ak351-leaf-3m/jrc_22ak351-leaf-3m.n5/em/fibsem-uint8/%22%2C%20%22tab%22%3A%20%22rendering%22%2C%20%22shaderControls%22%3A%20%7B%22normalized%22%3A%20%7B%22range%22%3A%20%5B0%2C%20144%5D%7D%7D%2C%20%22crossSectionRenderScale%22%3A%200.0709765489251505%2C%20%22name%22%3A%20%22fibsem-uint8%22%7D%2C%20%7B%22type%22%3A%20%22annotation%22%2C%20%22source%22%3A%20%7B%22url%22%3A%20%22local%3A//annotations%22%2C%20%22transform%22%3A%20%7B%22outputDimensions%22%3A%20%7B%22x%22%3A%20%5B1e-09%2C%20%22m%22%5D%2C%20%22y%22%3A%20%5B1e-09%2C%20%22m%22%5D%2C%20%22z%22%3A%20%5B1e-09%2C%20%22m%22%5D%7D%7D%7D%2C%20%22tool%22%3A%20%22annotateLine%22%2C%20%22tab%22%3A%20%22annotations%22%2C%20%22annotations%22%3A%20%5B%5D%2C%20%22shader%22%3A%20%22%23uicontrol%20float%20lineWidth%20slider%28min%3D1%2C%20max%3D50%2C%20step%3D1%2C%20default%3D10%29%5Cn%23uicontrol%20vec3%20color%20color%28default%3D%5C%22white%5C%22%29%5Cn%5Cnvoid%20main%28%29%20%7B%5Cn%20%20setLineWidth%28lineWidth%29%3B%5Cn%20%20setColor%28color%29%3B%5Cn%7D%22%2C%20%22shaderControls%22%3A%20%7B%22color%22%3A%20%22%232e46ff%22%7D%2C%20%22name%22%3A%20%22pd_annotation_11%22%7D%2C%20%7B%22type%22%3A%20%22annotation%22%2C%20%22source%22%3A%20%22precomputed%3A//https%3A//cellmap-vm1.int.janelia.org/dm11/ackermand/neuroglancer_annotations/20231206_162754%22%2C%20%22tab%22%3A%20%22source%22%2C%20%22annotationColor%22%3A%20%22%238b8b23%22%2C%20%22name%22%3A%20%22saved_annotations%22%2C%20%22shader%22%3A%20%22%23uicontrol%20float%20lineWidth%20slider%28min%3D1%2C%20max%3D50%2C%20step%3D1%2C%20default%3D10%29%5Cn%23uicontrol%20vec3%20color%20color%28default%3D%5C%22white%5C%22%29%5Cn%5Cnvoid%20main%28%29%20%7B%5Cn%20%20setLineWidth%28lineWidth%29%3B%5Cn%20%20setColor%28color%29%3B%5Cn%7D%22%2C%20%22shaderControls%22%3A%20%7B%22color%22%3A%20%22%232e46ff%22%7D%7D%5D%2C%20%22showSlices%22%3A%20false%2C%20%22selectedLayer%22%3A%20%7B%22flex%22%3A%201.8%7D%2C%20%22layout%22%3A%20%224panel%22%2C%20%22selection%22%3A%20%7B%22flex%22%3A%200.2%7D%2C%20%22layerListPanel%22%3A%20%7B%22visible%22%3A%20true%7D%7D
2,61623.2578125,24821.826171875,55387.93359375001,61618.09765625001,24945.48046875,55598.43750000001
3,61540.6328125,24917.734375000004,55234.44921875,61535.18359375,25034.500000000004,55430.88671875001
4,61303.09375,25066.66015625,54949.41015625001,61298.2265625,25197.203125,55173.97265625001
5,61301.93359375,24819.693359375,55269.64453125,61299.56640625,24927.38671875,55461.53906250001
6,61417.43359375,24681.2890625,55476.08984375,61409.82812500001,24801.806640625,55670.875
7,61113.24609375,24927.328125,55060.453125,61104.71093750001,25053.166015625004,55261.44140625
8,61585.09375000001,25165.115234375,54961.77343750001,61595.75000000001,25286.837890625,55168.546875
9,61786.87500000001,24885.798828125004,55355.02734375,61793.60546875,25016.431640625004,55558.88671875001
10,61310.4765625,24637.583984375004,55438.3203125,61306.47265625001,24786.04296875,55625.30078125
11,61044.50390625,24110.046875,55948.0,61051.58203125,24270.37109375,56193.67578125001
12,60997.37500000001,24142.638671875004,55927.98437500001,60990.66406250001,24305.947265625,56124.82812500001
13,60541.00390625001,24543.61328125,55073.00000000001,60540.75390625,24766.296875000004,55375.55859375
14,58324.03515625,23930.986328125004,54885.20703125001,58283.03125,24263.572265625,55181.2421875
15,58306.07031250001,23680.947265625004,55291.04687500001,58274.4921875,23933.355468750004,55513.94140625
16,58123.31640625,23713.3359375,55099.49609375001,58096.88281250001,23962.76953125,55338.08984375001
17,56926.19921875,24606.841796875004,53199.0703125,56888.07031250001,24841.441406250004,53372.57812500001
18,56363.12500000001,24743.394531250004,52385.99609375001,56332.07031250001,25040.33984375,52671.61328125
19,56149.23437500001,24218.68359375,53176.84375,56106.7421875,24474.07421875,53361.95312500001
20,56531.87109375,26432.16015625,50289.19531250001,56458.33203125,26665.58984375,50571.23828125001
21,58130.62890625,25842.966796875,52545.41015625,58104.26953125001,25957.958984375004,52745.35546875
22,58117.3671875,25880.013671875004,52301.51562500001,58057.22656250001,26073.318359375,52539.76953125
23,58540.66796875001,25968.544921875,52703.74609375,58512.08984375001,26091.380859375,52914.73828125001
24,58573.20703125,25796.300781250004,52860.19531250001,58528.83593750001,25953.212890625,53081.07031250001
25,58393.46484375,26064.087890625,52594.00000000001,58373.73046875001,26153.2265625,52753.32421875
26,58689.2421875,24566.388671875,54347.1015625,58649.48046875001,24721.505859375,54590.83593750001
27,55934.453125,26276.525390625,49958.02343750001,55892.08984375001,26409.380859375,50115.41796875
28,55845.39453125,26383.337890625004,49744.4921875,55800.9921875,26537.93359375,49957.87890625
29,56007.56640625,26192.2109375,50143.984375,55933.49609375001,26383.955078125,50291.18750000001
30,56091.84375000001,26125.53515625,50312.1328125,56004.31640625001,26352.7734375,50488.14453125
31,56096.70703125,26445.40625,49997.58593750001,56054.31640625001,26575.945312500004,50147.48828125
32,56211.4609375,26605.099609375004,49999.49609375,56171.43359375,26739.37109375,50175.81250000001
33,59785.64062500001,26659.474609375,52410.5546875,59736.76953125001,26827.445312500004,52638.53515625
34,59966.03125000001,26442.636718750004,52841.55468750001,59900.984375,26614.578125,52982.0390625
35,60294.33984375001,26007.63671875,53498.59375,60243.046875,26167.2421875,53685.17968750001
36,60062.28515625,26152.607421875,53370.41406250001,60022.17187500001,26279.93359375,53524.25390625001
37,59769.55078125001,26268.04296875,52993.83593750001,59731.74609375,26394.470703125,53159.109375
38,59741.49609375001,26376.990234375,52807.85546875,59701.38281250001,26504.316406250004,52961.6953125
39,60108.59375000001,26271.173828125004,53175.64062500001,60068.5390625,26403.130859375,53344.46484375
40,59648.73046875001,26538.228515625,52529.17578125,59595.09765625001,26696.416015625,52696.83984375
41,60031.65625,25720.640625000004,53670.58203125001,59989.4140625,25862.759765625,53857.94140625
42,59755.0859375,25882.025390625,53396.43359375001,59721.921875,26008.972656250004,53592.0546875
43,59477.73046875,26109.164062500004,52968.58203125001,59428.7421875,26267.873046875004,53166.59765625
44,59383.85937500001,25950.660156250004,53099.51171875,59341.99609375001,26122.884765625,53384.25390625001
45,59468.21093750001,25838.695312500004,53267.70703125001,59426.26171875,26003.97265625,53529.9765625
46,59445.68359375,25585.833984375,53464.515625,59387.93750000001,25785.1875,53736.671875
47,58594.70312500001,26190.79296875,52464.12890625001,58552.37109375001,26325.964843750004,52629.01562500001
48,57082.59765625001,24974.9296875,52747.69140625001,57002.078125,25206.421875,52980.46484375
49,55945.32421875001,23152.21875,54717.32031250001,55898.76171875001,23319.29296875,54956.73046875
50,55869.828125,23131.277343750004,54748.42187500001,55823.29687500001,23300.66796875,54995.32421875
51,56269.2890625,23209.234375000004,55048.34765625001,56218.11328125001,23378.103515625004,55264.90234375001
52,56020.5,26661.431640625,49689.50390625001,56020.5,26774.859375000004,49941.56640625
53,69176.01562500001,27281.75,54429.48437500001,68999.71875000001,27329.98828125,54682.94140625
54,69388.609375,27067.501953125,54688.82031250001,69306.71093750001,27079.66015625,55035.40625
55,69122.0078125,27035.927734375,54710.96093750001,69036.5078125,27052.767578125,54980.16796875001
56,69529.2890625,26888.935546875004,54918.93359375,69460.90625,26900.019531250004,55187.45703125
57,69231.3359375,26650.183593750004,54988.1953125,69173.578125,26706.964843750004,55222.96875000001
58,69421.28125,26814.689453125,54848.46875000001,69342.65625000001,26910.896484375,55190.12890625001
59,69247.3984375,26759.308593750004,54813.71484375,69173.046875,26859.720703125,55147.81250000001
60,69207.8828125,26942.781250000004,54824.48828125,69159.1953125,27017.95703125,55054.24218750001
61,69329.0234375,27115.677734375004,54672.46875000001,69280.85937500001,27200.839843750004,54912.328125
62,69082.00781250001,26842.750000000004,54820.49218750001,69038.140625,26906.88671875,55023.30859375001
63,69152.96875000001,27162.517578125,54607.796875,69103.9296875,27264.625,54869.984375
64,68993.09375,26921.289062500004,54793.21093750001,68944.0703125,27000.279296875,55028.390625
65,68955.64062500001,27007.623046875,54684.71093750001,68912.97656250001,27089.982421875004,54905.25
66,69182.5234375,27151.0,54635.50390625,69123.7109375,27231.919921875,54901.515625
67,69279.6796875,27276.931640625004,54562.44531250001,69230.15625,27369.888671875,54815.37109375001
68,69143.09375,26732.7578125,54899.94921875001,69102.8828125,26814.63671875,55112.78125000001
69,69366.4765625,26632.011718750004,54994.30468750001,69323.83593750001,26691.255859375004,55187.83984375001
70,69702.8359375,26808.841796875004,55196.7421875,69762.4921875,26805.830078125004,54813.85546875
71,69031.85156250001,23926.759765625,57599.33984375001,69014.59375,24068.830078125,57815.3359375
72,69617.20312500001,24857.677734375,56243.25390625001,69843.921875,25057.3359375,56481.328125
73,69547.40625,24167.873046875004,57183.25390625001,69543.04687500001,24313.824218750004,57366.1484375
74,69440.34375000001,24173.384765625,57187.61328125,69445.5,24347.482421875004,57375.55468750001
75,69290.75000000001,24089.896484375,57367.70312500001,69292.21093750001,24244.708984375,57543.9375
76,69882.734375,24798.779296875004,56243.3125,69885.6875,25058.361328125004,56537.31640625
77,69187.5625,24179.458984375004,57231.86328125,69174.21093750001,24307.169921875,57419.73828125001
78,69069.34375000001,24076.937500000004,57361.86328125,69055.96875,24229.667968750004,57578.96875
79,68694.7734375,24279.3125,57166.32812500001,68679.28906250001,24417.447265625004,57372.57031250001
80,68516.38281250001,24167.164062500004,57269.62109375,68501.42187500001,24315.205078125,57485.890625
81,69426.265625,24227.078125,57167.83593750001,69410.8046875,24340.193359375,57344.84375
82,69905.55468750001,23871.412109375004,57392.515625,69897.5,23998.078125000004,57563.70703125001
83,69477.39062500001,26695.119140625004,54973.53125,69442.8828125,26776.964843750004,55169.68359375001
84,69473.5,27081.943359375004,54737.34765625,69473.5,27171.392578125,54975.87890625001
85,71365.7734375,23952.072265625004,46960.65234375,71337.046875,23990.529296875,47265.32421875
86,72090.7265625,24081.4140625,47779.10156250001,72133.43750000001,24246.625,47711.79296875
87,57629.140625,14389.832031250002,48564.49609375,57478.26171875001,14179.5166015625,48564.49609375
88,56467.83203125,15052.785156250002,48832.50000000001,56275.8046875,14879.044921875002,48832.50000000001
89,58192.9609375,14045.209960937502,48312.49609375001,58060.36718750001,13871.470703125002,48312.49609375001
90,57392.84375000001,14616.720703125,48122.49609375,57269.39843750001,14406.404296875002,48122.49609375
91,59203.39062500001,13633.721679687502,47682.5,59034.22265625,13409.689453125002,47682.5
92,56702.4609375,14785.8876953125,48992.5,56588.15625000001,14625.865234375002,48992.5
93,58887.91796875001,13775.457031250002,47872.50000000001,58750.75390625,13578.857421875,47872.50000000001
94,59573.73046875,13432.549804687502,47442.50000000001,59390.84765625001,13245.0947265625,47442.50000000001
95,57084.28125000001,15378.543945312502,47132.5,56951.6875,15181.943359375,47132.5
96,56339.03125,15812.891601562502,47192.50000000001,56211.01171875,15643.724609375,47192.50000000001
97,56718.8125,15404.259765625002,47515.50390625,56581.6484375,15253.380859375,47515.50390625
98,56586.21875,15491.1298828125,47515.50390625,56444.48437500001,15326.535156250002,47515.50390625
99,56526.78515625,15760.882812500002,47054.50390625001,56366.76171875,15573.427734375,47054.50390625001
100,57852.68750000001,14791.6005859375,47054.50390625001,57656.08984375001,14590.4287109375,47054.50390625001
101,56115.296875,16135.7939453125,46824.50000000001,55987.27734375,15962.054687500002,46824.50000000001
102,56622.796875,15930.049804687502,46514.5,56494.77734375,15751.73828125,46514.5
103,57861.83203125,15303.673828125,46174.5,57715.52734375001,15116.21875,46174.5
104,58149.875,15097.930664062502,46174.5,57998.99609375001,14933.3349609375,46174.5
105,56788.84765625001,16348.967773437502,45604.5,56665.40234375001,16170.65625,45604.5
106,65104.86328125,17198.658203125,49379.50390625,64937.62109375,17311.365234375,49379.50390625
107,65217.57031250001,17173.208984375,49209.50000000001,65119.40625,17267.73828125,49209.50000000001
108,66167.1171875,17970.25,49277.50000000001,66047.28125,18070.916015625,49277.50000000001
109,66145.5390625,18777.322265625,49753.62109375,66056.7578125,18861.38671875,49699.59375000001
110,65621.7265625,18162.86328125,49788.19531250001,65533.6875,18258.23828125,49727.7578125
111,68114.50781250001,19936.423828125,48603.76953125,68020.1328125,20007.16015625,48556.98437500001
112,68082.7734375,19780.22265625,48590.82421875,67985.97656250001,19852.134765625004,48543.203125
113,69574.84375,20624.382812500004,47143.33984375,69463.25,20715.068359375004,47083.99609375
114,69078.9140625,19634.011718750004,47562.33984375,68974.296875,19708.90234375,47512.48828125
115,67855.625,22169.912109375,49605.9296875,67849.53906250001,22167.89453125,49867.453125
116,67954.6484375,22342.435546875,49605.3125,67939.7109375,22339.35546875,49886.6875
117,68182.71875,22367.03125,49630.015625,68167.7734375,22363.94921875,49911.390625
118,64596.79296875001,26988.505859375,54404.578125,64513.44531250001,27098.84765625,54518.57421875001
119,65040.35156250001,27478.845703125004,53950.81640625,64906.17578125001,27703.890625,54142.36328125
120,64172.33593750001,26543.125,54546.4140625,64068.53125,26685.23046875,54689.17968750001
121,64300.25781250001,27035.716796875004,54230.59765625001,64185.4609375,27185.349609375,54387.20703125001
122,64162.35156250001,26837.2109375,54354.6171875,64062.51171875,26958.845703125,54489.37500000001
123,63993.734375,26526.576171875,54494.734375,63886.41796875,26662.2109375,54640.421875
124,63840.62500000001,26502.265625,54472.140625,63753.76171875,26606.13671875,54589.0546875
125,64005.87500000001,27255.771484375004,54307.90625000001,64151.2109375,27120.732421875004,54118.859375
126,63755.14843750001,26900.472656250004,54459.90234375,63867.9609375,26761.07421875,54307.29687500001
127,63824.49609375,27083.789062500004,54411.69140625001,63966.3203125,26942.279296875004,54225.55859375
128,64195.4453125,27531.054687500004,54063.41015625,64328.2578125,27386.837890625,53887.12109375001
129,64302.46093750001,27227.816406250004,54112.94921875,64215.14453125,27358.628906250004,54234.94921875001
130,63604.60546875,26910.703125,54336.02734375,63725.5234375,26827.896484375,54183.75000000001
131,63672.35546875,27320.216796875,54074.92578125001,63812.19531250001,27188.94140625,53892.80078125001
132,63821.2578125,27511.193359375,53937.06640625,63955.6015625,27383.68359375,53761.85937500001
133,63363.8671875,27113.40234375,54169.27734375001,63498.21093750001,26985.890625000004,53994.0703125
134,63170.66015625,26757.466796875004,54329.83203125,63334.921875,26573.958984375,54110.9296875
135,63426.48828125,27449.742187500004,53812.32031250001,63531.8203125,27324.343750000004,53670.63671875
136,63057.80859375,26867.763671875004,54135.171875,63193.68359375001,26756.958984375004,53961.046875
137,62890.4375,26698.314453125,54263.79687500001,63068.29687500001,26567.634765625004,54038.30078125001
138,64026.54296875,26494.458984375004,54820.86718750001,64158.90234375001,26377.18359375,54649.66015625
139,64509.96875000001,26907.548828125,54712.34375,64624.31250000001,26784.857421875004,54560.8203125
140,64694.44921875001,27136.300781250004,54540.20703125,64816.2734375,26999.609375,54377.75781250001
141,59214.92578125001,26424.189453125,52348.86328125,59087.32031250001,26689.119140625004,52539.66015625001
142,60362.95703125001,26724.81640625,53182.9140625,60508.29296875001,26589.777343750004,52993.8671875
143,59676.3984375,25714.062500000004,53588.1015625,59565.56640625,25843.224609375,53736.70703125
144,58427.12890625,26545.083984375,52265.17187500001,58569.40625000001,26376.630859375004,52073.953125
145,60460.703125,26403.19921875,53235.72656250001,60362.39453125001,26541.541015625004,53371.57031250001
146,60280.04296875,25791.81640625,53785.22265625001,60167.23046875,25931.21484375,53937.82812500001
147,60270.73828125,25620.675781250004,53930.6015625,60161.4375,25766.544921875,54080.2890625
148,60494.28515625001,26160.761718750004,53498.6171875,60376.4296875,26276.982421875,53653.05859375001
149,58116.57421875001,24516.601562500004,54122.69140625,57967.4375,24769.644531250004,54336.08593750001
150,62907.28906250001,26928.228515625004,53557.61328125001,62794.11328125,27021.681640625,53841.56640625
151,62994.85546875,27252.490234375004,53799.2109375,63092.25390625,27168.033203125,53673.5390625
152,63103.296875,27480.05078125,53713.8046875,63235.66015625001,27362.775390625,53542.60156250001
153,63094.01953125001,27041.005859375,54018.13671875001,63211.42187500001,26951.728515625004,53868.78125
154,62764.50390625,27369.251953125,53267.48046875,62764.50390625,27436.724609375,53363.87109375001
155,63624.5078125,27581.853515625,53368.69140625,63624.5078125,27736.076171875,53619.30078125
156,62288.50000000001,27124.474609375,53187.21484375001,62288.50000000001,27234.595703125004,53492.16406250001
157,67401.5625,22468.751953125004,50473.53515625001,67507.484375,22560.048828125004,50334.35546875001
158,67526.35156250001,22517.462890625,50496.14453125001,67610.6796875,22593.853515625,50388.23046875
159,63991.95703125,17266.943359375004,50156.9375,64140.43750000001,17347.28125,50386.00390625001
160,65696.4609375,16465.902343750004,47558.7734375,65855.6875,16571.505859375004,47852.33984375001
161,65195.36328125,18005.001953125,49755.21093750001,65110.1171875,18056.376953125004,50112.97656250001
162,66200.49218750001,16363.682617187502,47390.23437500001,66146.96093750001,16601.06640625,47465.52734375
163,68285.6640625,17439.2109375,46476.88671875,68246.7421875,17595.291015625004,46528.79296875
164,68042.46875000001,17310.828125,46611.39843750001,68009.1328125,17491.697265625,46663.96484375001
165,67577.609375,16976.61328125,46674.56640625,67540.546875,17140.95703125,46726.69140625
166,66996.8515625,16847.64453125,47188.140625,66936.25,17017.193359375,47256.31640625001
167,66977.71875,17328.234375,47772.04687500001,66898.78125,17562.5625,47863.16796875001
168,67234.359375,17479.66796875,47632.84375000001,67157.6796875,17687.47265625,47717.95703125
169,56000.0078125,15978.5,54609.34765625001,56034.11328125,15978.5,54923.1015625
170,60505.49609375,14959.7275390625,50906.64453125,60505.49609375,14884.699218750002,51111.26953125001
171,57672.5,14530.019531250002,53157.49218750001,57672.5,14482.2744140625,53362.1171875
172,56298.33984375001,13764.3896484375,52801.50000000001,56175.56640625,13593.87109375,52801.50000000001
173,56209.66796875001,13914.446289062502,52541.50390625,56080.07421875001,13743.927734375002,52541.50390625
174,56243.7734375,14473.748046875002,51501.5,56086.89453125,14248.663085937502,51501.5
175,55936.83984375001,14971.663085937502,50551.50390625,55827.70703125001,14814.78515625,50551.50390625
176,57300.98828125001,14207.73828125,50111.50390625,57191.859375,14003.116210937502,50111.50390625
177,56755.32812500001,14596.521484375,49991.50000000001,56605.2734375,14398.7197265625,49991.50000000001
178,58119.48046875,13805.314453125002,49601.50390625,58044.453125,13668.899414062502,49601.50390625
179,57873.93359375,13955.37109375,49601.50390625,57785.26171875,13805.314453125002,49601.50390625
180,57760.14843750001,14130.152343750002,49271.50000000001,57644.19531250001,13939.171875,49271.50000000001
181,55918.54687500001,15357.887695312502,49151.50390625,55823.0546875,15194.189453125,49151.50390625
182,56382.35937500001,15010.029296875,49201.50390625001,56266.40625,14819.0478515625,49201.50390625001
183,56511.953125,14962.284179687502,49181.5,56396.00000000001,14750.8408203125,49181.5
184,56068.6015625,15276.038085937502,49181.5,55932.1875,15071.416015625002,49181.5
185,56982.58203125,15276.038085937502,47311.5,56887.09375000001,15119.1611328125,47311.5
186,57100.70703125001,15505.385742187502,46761.5,56977.93359375,15328.046875000002,46761.5
187,55866.15234375001,16514.857421875,46601.50000000001,55716.09375000001,16357.979492187502,46601.50000000001
188,57460.53515625001,14013.7802734375,49678.5,57527.16796875001,14124.838867187502,49678.5
189,55927.9296875,15124.3623046875,50018.5,55827.9765625,14979.9873046875,50018.5
190,58632.22656250001,13634.386718750002,48943.49609375001,58533.25,13485.924804687502,48943.49609375001
191,58359.0,13781.4033203125,49027.49609375,58255.07421875001,13632.9404296875,49027.49609375
192,58083.4453125,13775.126953125,49827.49609375001,57974.5703125,13651.408203125,49827.49609375001
193,58142.82812500001,13596.9716796875,50107.49609375,58068.59765625001,13473.2529296875,50107.49609375
194,55910.94140625001,15037.060546875,50227.49609375,55797.12109375001,14893.5458984375,50227.49609375
195,56518.59375,13606.3076171875,52804.328125,56518.59375,13497.434570312502,52586.58203125001
196,58286.3359375,20864.498046875,56129.32031250001,58370.41796875,20851.65234375,56319.265625
197,63583.0859375,24470.080078125004,55258.046875,63649.12890625,24500.386718750004,55428.90625
198,67077.1953125,24605.146484375,53675.24218750001,67188.48437500001,24606.275390625004,53820.71875000001
199,67614.35937500001,24663.681640625,53264.10156250001,67711.50000000001,24653.689453125004,53359.76953125
200,67120.69531250001,24632.542968750004,53703.65234375001,67205.578125,24634.50390625,53817.74218750001
201,68511.3515625,22314.4296875,49566.12109375,68620.45312500001,22321.025390625004,49724.3828125
202,68421.84375,22416.701171875,49743.38671875,68570.2265625,22418.20703125,49937.35546875
203,68515.0625,22231.044921875,49333.03515625001,68676.96875000001,22235.982421875,49554.07421875
204,68682.671875,21610.564453125004,48378.9921875,68796.1640625,21606.228515625,48511.6875
205,68351.8046875,21859.62109375,48759.42578125001,68479.453125,21866.40625,48941.9296875
206,69066.09375000001,21262.390625,47810.84765625001,69180.21875,21265.744140625004,47966.28906250001
207,69751.5859375,21440.6953125,47841.84375,69931.4140625,21438.130859375004,48064.3828125
208,70234.1328125,21566.849609375,47425.359375,70402.625,21555.388671875,47608.05078125
209,70174.8203125,22269.978515625004,48025.08203125001,70272.59375,22267.677734375,48143.4921875
210,70132.4609375,22366.142578125004,48245.19921875,70251.609375,22366.255859375,48397.82031250001
211,70210.9921875,21388.04296875,47233.4765625,70358.109375,21374.169921875,47381.9609375
212,68180.40625,20309.578125000004,48372.83984375,68274.4140625,20325.900390625,48539.55859375
213,58636.8203125,15232.626953125002,53410.79687500001,58601.05859375001,15366.763671875,53345.97265625
214,59456.03125000001,15256.591796875002,52743.875,59398.00781250001,15415.1884765625,52676.57421875001
215,59446.16015625,15584.354492187502,53262.69531250001,59399.47265625001,15714.947265625002,53206.63281250001
216,60780.375,15975.848632812502,52397.27734375,60725.02734375001,16097.296875000002,52352.22265625
217,60824.13281250001,16115.492187500002,52472.29296875,60764.25390625001,16248.141601562502,52422.7421875
218,61271.63671875001,16292.3447265625,52093.1484375,61211.7578125,16424.994140625004,52043.59375
219,60871.23046875,16158.789062500002,52569.0546875,60814.546875,16298.811523437502,52512.875
220,60524.94140625001,15971.953125,52665.8046875,60478.25390625,16102.5458984375,52609.74218750001
221,62266.82421875,16631.787109375,51564.07421875001,62222.91796875001,16801.30078125,51481.38671875001
222,66903.82031250001,15702.112304687502,46459.328125,66826.734375,15892.542968750002,46382.92578125001
223,66269.890625,14648.913085937502,46465.94140625,66325.8515625,14701.815429687502,46767.50390625
224,64238.56640625001,14089.889648437502,47935.83203125,64271.44531250001,14132.986328125,48232.80859375
225,58790.70703125001,13987.306640625002,52170.6953125,58728.93750000001,13828.642578125002,52042.40234375001
226,60484.95703125,14422.4755859375,50987.2265625,60439.078125,14266.7939453125,50849.1640625
227,60373.51171875,14320.071289062502,51044.1640625,60343.10546875001,14201.6103515625,50935.3828125
228,59674.11328125001,13985.0869140625,51550.40234375001,59622.69531250001,13847.975585937502,51437.9140625
229,60113.43750000001,13899.138671875,51251.24609375,60088.26953125001,13786.563476562502,51144.7890625
230,60474.29687500001,13917.830078125,50973.94140625,60443.65234375001,13818.9326171875,50887.48046875
231,62123.04296875001,13754.6435546875,49889.7109375,62077.16406250001,13598.961914062502,49751.6484375
232,62352.09375000001,13587.3759765625,49737.0546875,62316.75390625,13438.57421875,49598.05859375001
233,60662.3515625,13485.3447265625,51035.27734375001,60611.29687500001,13318.886718750002,50889.31250000001
234,56702.49609375,14234.115234375002,51035.20703125,56702.49609375,14093.648437500002,50879.1328125
235,55808.11718750001,14583.240234375002,51803.50390625001,55704.06640625001,14427.1650390625,51803.50390625001
236,56016.21484375,14489.595703125002,51673.50000000001,55886.15234375,14328.318359375,51673.50000000001
237,56307.5546875,14297.103515625,51653.5,56187.89843750001,14115.016601562502,51653.5
238,56315.68359375001,14497.500000000002,50980.48828125001,56175.21484375001,14497.500000000002,50761.984375
239,57358.30468750001,14663.760742187502,53614.80859375001,57472.7734375,14666.579101562502,53676.87890625001
240,58454.60546875001,15002.132812500002,52899.5703125,58602.17578125,14980.013671875,52948.734375
241,59571.3984375,14737.4580078125,51653.44921875,59710.0,14766.623046875002,51759.46093750001
242,68169.73437500001,18105.458984375004,47355.23828125,68073.7890625,18143.623046875,47238.41796875
243,68010.453125,23549.212890625,52006.171875,67848.0625,23711.246093750004,52051.04296875001
244,67458.390625,23499.658203125004,52420.54296875,67314.0234375,23634.810546875,52456.86718750001
245,67838.578125,23814.0625,52593.6875,67730.3046875,23913.207031250004,52620.0390625
246,66578.39062500001,22886.953125,51891.09375000001,66479.1953125,23012.607421875,51929.19921875
247,65717.625,22275.26171875,51550.16796875001,65618.4765625,22427.550781250004,51598.96093750001
248,65518.27734375001,22002.771484375,51416.22265625,65373.84375,22102.41015625,51438.29687500001
249,68666.8359375,23887.65625,52168.5234375,68432.0859375,24024.046875,52194.15234375
250,69109.22656250001,23812.40234375,51701.44921875001,68928.59375,23885.904296875,51708.55859375001
251,68875.390625,23015.568359375,50828.53125,68731.109375,23195.109375,50882.6640625
252,69204.1953125,23212.052734375,51013.58203125001,68987.765625,23481.365234375004,51094.78515625
253,68102.859375,22822.4140625,50797.4765625,68030.78125,22947.695312500004,50838.79296875001
254,67493.8125,22909.652343750004,51292.42578125,67421.76562500001,23052.69140625,51340.86328125001
255,69722.71875000001,24521.300781250004,51493.52343750001,69614.29687500001,24540.54296875,51487.81640625
256,69085.75,22851.140625000004,50460.86328125,68959.4609375,22986.044921875,50499.328125
257,69275.875,23026.099609375,50554.56250000001,69158.59375,23143.123046875,50586.96875000001
258,70155.3984375,23578.5,50568.10937500001,69947.60156250001,23625.738281250004,50561.328125
259,69229.72656250001,22385.724609375,49691.54296875,69012.984375,22486.35546875,49705.0625
260,66473.453125,22977.740234375,52465.42578125001,66374.2734375,23112.271484375,52507.09765625
261,67161.15625,23403.345703125,52721.23046875001,67025.81250000001,23529.49609375,52755.06250000001
262,61236.85156250001,20922.748046875,53910.546875,61166.16015625,21047.74609375,53857.796875
263,59068.1875,20451.94921875,54868.44921875001,59060.75000000001,20592.208984375,54857.265625
264,58717.0,20463.4375,55295.60546875001,58724.6328125,20637.392578125004,55263.12500000001
265,60081.3359375,20261.98046875,53816.99609375001,60093.9921875,20447.167968750004,53777.4140625
266,60612.82812500001,19435.04296875,53124.6171875,60783.49609375001,19616.958984375,52911.01171875
267,59316.70703125001,20059.91015625,54264.1171875,59384.56640625001,20282.94921875,54158.34375
268,59735.03515625001,18806.81640625,53521.453125,59797.8671875,19018.623046875,53422.78515625001
269,59990.75000000001,18608.365234375,53266.54296875,60118.83203125001,18880.484375,53087.48437500001
270,58470.28515625001,19368.916015625,54630.16796875,58475.4453125,19608.66796875,54591.31250000001
271,58910.22265625,20524.68359375,55244.421875,58902.78125,20664.9453125,55233.23828125
272,60418.89843750001,20732.712890625,54194.16015625,60413.99609375,20921.437500000004,54173.47265625001
273,62073.9765625,20517.16796875,52572.38671875001,62104.16796875001,20670.251953125,52517.87890625001
274,59565.95703125,20749.16796875,55280.27734375,59581.07812500001,20868.556640625004,55247.07031250001
275,59756.55859375001,20718.921875,55074.0,59771.69921875001,20866.876953125004,55036.8203125
276,60295.87109375001,20797.986328125,54467.5703125,60303.48437500001,20943.376953125,54439.05859375
277,60383.24609375001,20857.060546875004,54744.05859375001,60368.30078125001,21023.322265625,54737.57031250001
278,60889.17187500001,20893.888671875,54059.56640625001,60886.44921875001,21031.453125,54043.546875
279,62930.375,20596.88671875,52127.86328125001,63028.7578125,20832.826171875004,51986.6015625
280,62742.37890625001,20703.27734375,52320.73046875,62818.296875,20920.90625,52206.80468750001
281,63151.2109375,20804.880859375,52207.0,63229.96875000001,21076.744140625,52082.44140625001
282,60924.40625000001,21834.775390625,55432.2265625,60974.98046875,21915.9296875,55365.16406250001
283,62554.44531250001,21343.50390625,53978.83203125001,62568.56640625,21486.808593750004,53943.421875
284,62784.58984375,21315.396484375,53728.59765625,62801.51171875,21449.003906250004,53691.43359375
285,61547.08593750001,21397.708984375,54805.6328125,61564.046875,21595.248046875,54759.58593750001
286,61400.87109375001,21254.021484375004,54723.07812500001,61420.61328125001,21409.896484375,54679.72265625
287,60959.29296875001,21350.681640625,55153.328125,60962.19140625001,21500.814453125004,55129.36328125001
288,61967.75781250001,21075.550781250004,53652.72656250001,61973.47656250001,21247.951171875004,53622.5703125
289,61456.57421875,20941.6640625,53839.88671875001,61462.33203125,21177.998046875,53800.84765625
290,62860.20703125001,20241.30859375,52109.125,63023.07421875,20350.07421875,51914.25390625001
291,61504.41796875001,15971.163085937502,51538.82421875,61410.92578125,16163.32421875,51528.75390625
292,61226.17578125,16456.246093750004,52501.3515625,61172.78906250001,16598.427734375,52489.25781250001
293,61712.87500000001,16807.8125,52289.48046875001,61606.453125,17006.005859375,52282.03125
294,63122.05859375001,21318.865234375,52720.79296875001,63166.36718750001,21244.339843750004,52805.98437500001
295,62686.19140625001,21175.73046875,52838.8046875,62712.16796875,21089.81640625,52934.81640625
296,62776.43750000001,21148.005859375,52634.89453125,62833.1328125,21072.578125,52736.03515625001
297,64017.37109375,22544.74609375,54291.6015625,64110.25781250001,22427.789062500004,54355.10546875
298,63343.22656250001,21681.2578125,53836.29687500001,63394.6328125,21575.76171875,53857.734375
299,63442.6015625,21640.564453125,53494.45703125,63544.75781250001,21544.974609375,53543.546875
300,62561.29296875001,21207.255859375004,53018.39062500001,62658.04296875,21095.185546875,53087.8125
301,62618.24609375001,21167.537109375,52701.36328125,62747.55468750001,21048.705078125,52804.55859375
302,62886.3203125,21335.4140625,53095.40234375001,62974.87890625001,21244.958984375004,53163.02734375001
303,63983.20703125,22064.078125,53871.1484375,64071.8359375,21947.05859375,53929.91406250001
304,63666.97265625,21744.638671875,53413.59375000001,63753.66796875,21625.175781250004,53469.40234375001
305,63511.7578125,21575.097656250004,53179.921875,63613.828125,21501.74609375,53268.25781250001
306,62746.75000000001,21771.859375,54343.59765625,62785.515625,21613.044921875,54333.10156250001
307,64078.65625,18136.560546875,50759.92968750001,64173.03125000001,18068.966796875,50822.98828125001
308,59532.35546875,15420.208984375,52604.47265625,59554.4453125,15282.041992187502,52582.265625
309,59714.44921875001,15481.841796875,52522.48437500001,59733.83984375001,15397.520507812502,52665.71875000001
310,59369.5859375,15480.986328125,52668.39453125,59407.46484375,15276.114257812502,52771.42968750001
311,60400.69921875,16144.838867187502,52730.62109375,60423.85156250001,16033.783203125002,52856.015625
312,62245.86328125001,16935.18359375,51631.54296875001,62265.76562500001,16849.076171875,51780.58984375
313,62665.640625,16796.8046875,51010.04296875001,62687.25781250001,16701.333984375004,51163.33984375
314,62654.67578125001,17225.837890625,51502.90234375,62679.37109375001,17109.423828125004,51645.72265625
315,61939.59375000001,19332.298828125004,52264.05078125,61948.90234375001,19335.947265625,52527.25000000001
316,62466.64843750001,22782.359375,55240.83984375001,62485.51171875,22689.597656250004,55332.94140625001
317,62979.65234375,22802.322265625004,54917.06250000001,62997.50781250001,22733.587890625004,55088.20312500001
318,65639.9296875,22102.982421875,51165.71484375001,65713.9140625,22072.76171875,51346.4453125
319,68379.9765625,22606.6953125,50443.81250000001,68401.1171875,22837.205078125004,50465.05859375
320,58606.55859375001,14407.266601562502,46888.50390625,58501.98828125,14287.677734375002,46792.45703125001
321,57863.25,14382.666015625,47843.50000000001,57755.23437500001,14210.3037109375,47835.76953125
322,57640.953125,14331.669921875,48588.93359375001,57552.359375,14233.3544921875,48501.93359375001
323,57599.98046875,14381.403320312502,48416.76171875001,57504.88671875001,14249.07421875,48373.59375000001
324,57494.296875,14237.931640625,49388.95703125,57391.92968750001,14110.497070312502,49314.3515625
325,57195.42578125,14419.079101562502,49605.24218750001,57110.39062500001,14298.8759765625,49570.14453125
326,57013.06640625,14217.8583984375,50625.83984375,56896.65625000001,14097.0849609375,50495.76953125001
327,56831.5859375,14364.314453125,50624.74609375,56718.5625,14234.103515625002,50522.72265625
328,58051.35937500001,14014.9873046875,48917.99609375,58045.08984375001,13767.5693359375,48916.08984375001
329,57773.83984375,14150.4208984375,49137.90625000001,57652.97265625001,13966.019531250002,49113.39453125001
330,56668.359375,15644.720703125002,47027.08984375,56547.90234375001,15497.6337890625,46933.921875
331,56594.69921875001,15788.341796875002,46906.4765625,56471.79296875001,15633.5556640625,46820.234375
332,56030.76171875,15676.7734375,47998.32031250001,55912.14843750001,15591.439453125,47821.65625
333,55893.63671875001,15434.849609375002,48896.2421875,55794.54687500001,15359.19140625,48782.23828125001
334,55886.82421875001,15392.2578125,49325.5078125,55720.75390625001,15242.771484375002,49308.7109375
335,56221.28515625,15637.876953125002,47553.67578125,56185.9453125,15487.11328125,47529.55078125
336,57378.40625,14253.369140625002,49769.48828125001,57328.42578125,14088.550781250002,49625.55078125
337,56216.125,14418.0625,51581.91406250001,56048.5546875,14256.264648437502,51456.31640625001
338,58270.86328125,13716.2802734375,49664.46484375,58263.92578125,13518.2177734375,49620.296875
339,56752.875,13915.8330078125,51699.05859375001,56684.21484375,13749.3076171875,51742.2421875
340,56001.51953125001,13947.6337890625,52773.1875,55889.04296875001,13836.646484375002,52693.71484375
341,56432.77734375,13713.851562500002,52751.25390625001,56290.57812500001,13632.067382812502,52532.27734375
342,57708.6484375,13506.018554687502,51361.05078125001,57592.82812500001,13323.331054687502,51287.19140625001
343,58323.75,13359.197265625002,50557.67578125,58257.078125,13254.098632812502,50515.02734375001
344,57329.78125,14311.134765625002,49757.75781250001,57243.61328125,14169.390625,49713.19921875
345,63743.1328125,17588.09375,50807.32031250001,63810.26953125001,17607.181640625004,50959.97656250001
346,64568.44531250001,18062.759765625,50321.63671875001,64602.98046875,18074.173828125,50474.2109375
347,64395.49218750001,18327.365234375,50669.53906250001,64435.05078125,18301.375000000004,50787.31250000001
348,64464.01171875001,18252.8515625,50625.00390625,64476.8203125,18252.937500000004,50718.06250000001
349,67675.5625,20458.94921875,49004.5,67814.46875000001,20466.273437500004,49056.8359375
350,71762.78125,24929.033203125,47959.984375,71845.21875000001,24814.078125000004,48232.85546875001
351,73236.88281250001,23544.013671875,47976.85937500001,73073.53906250001,23553.671875,48182.33984375001
352,72990.2578125,24196.583984375,48263.26171875,73041.3984375,24180.005859375004,48650.16015625
353,74211.453125,23024.755859375,53632.10156250001,74524.1953125,23147.20703125,53760.125
354,74143.5078125,23195.724609375004,53836.97265625,74357.1640625,23300.646484375004,53917.01953125
355,74225.5625,22933.320312500004,53973.265625,74440.0,23053.44921875,54048.4375
356,73806.91406250001,22638.060546875,55026.546875,74162.7109375,22729.771484375004,55188.79296875
357,74460.8671875,22660.390625,53426.16796875001,74719.54687500001,22740.326171875,53497.765625
358,74519.4296875,22502.634765625,53487.765625,74716.6015625,22535.6875,53549.53906250001
359,74278.49218750001,21448.439453125,54861.21093750001,74534.921875,21485.125,54943.17578125
360,74264.1328125,21063.341796875,55246.23046875001,74493.359375,21113.841796875,55314.92578125001
361,74168.3203125,21915.126953125,54883.82421875,74386.703125,21984.361328125,54943.8203125
362,74053.2890625,22251.98046875,54963.56640625,74290.64062500001,22314.1484375,55032.1484375
363,74298.296875,21909.4296875,54485.37890625,74487.5546875,21996.8671875,54530.28906250001
364,74347.71875,22596.828125000004,53893.43359375,74513.6796875,22543.396484375004,54113.9921875
365,74401.390625,22568.326171875004,53784.67578125,74564.7421875,22514.898437500004,53988.37109375001
366,74455.7421875,22302.447265625004,53778.82812500001,74601.7734375,22341.31640625,53910.03125
367,73855.515625,21775.962890625004,55767.65234375001,74184.74218750001,21922.5625,55898.13671875
368,74104.515625,21530.642578125004,55511.09765625,74250.625,21584.484375,55600.45703125001
369,74154.12500000001,21486.0703125,55363.03515625,74307.04687500001,21539.908203125,55463.60937500001
370,74426.8125,20851.310546875,56164.7265625,74100.2734375,20698.720703125,56055.46484375001
371,74107.8671875,22389.40234375,55507.62500000001,73837.35156250001,22263.740234375,55415.00781250001
372,74229.3828125,22723.744140625,54082.96484375,74394.59375,22780.572265625004,54195.35937500001
373,74386.0703125,20782.673828125,55196.7890625,74534.75,20914.353515625,55371.9375
374,74461.4140625,21049.376953125004,55463.05468750001,74332.546875,20930.396484375004,55192.22656250001
375,74360.1015625,20500.662109375,55649.26953125,74465.4375,20596.107421875,55826.25
376,74574.65625,20223.058593750004,55956.80859375001,74330.60156250001,20146.791015625,55899.73828125001
377,74540.3046875,20432.279296875004,55720.35156250001,74362.81250000001,20372.931640625,55673.1796875
378,73180.96875,23235.017578125,48077.61328125,73140.96875,23335.939453125004,47649.29296875001
379,70974.3828125,23432.109375000004,46733.62890625,71041.484375,23646.326171875,46248.83984375
380,72124.390625,23788.087890625,47761.29687500001,72146.5546875,23823.115234375004,47258.91796875001
381,73703.890625,23310.18359375,48585.35937500001,73752.5,23325.267578125004,48127.64453125
382,69178.65625,24117.072265625004,57745.50390625,69105.97656250001,24018.7421875,57603.24609375
383,68813.76562500001,24095.078125,57422.75000000001,68750.5234375,24211.644531250004,57676.42578125
384,69680.41406250001,23851.939453125004,57920.20703125,69680.34375,23798.113281250004,57678.33593750001
385,69670.875,26965.322265625004,55111.21875,69639.47656250001,26943.855468750004,54881.1484375
386,69696.4375,26764.560546875004,55183.26562500001,69623.140625,26656.652343750004,54954.8515625
387,68912.625,27184.333984375004,54952.16796875001,68878.1796875,27113.544921875,54650.09765625
388,69187.8125,26616.279296875004,55338.96484375001,69195.07031250001,26548.390625,55065.17578125001
389,69635.0625,27271.634765625,54980.23437500001,69556.3984375,27147.855468750004,54657.76562500001
390,69399.14843750001,27424.01171875,54910.52734375,69379.6953125,27348.542968750004,54488.96484375001
391,69489.8984375,27276.84375,54956.59375000001,69510.5390625,27190.91796875,54639.03515625001
392,69892.890625,27031.824218750004,55031.19921875001,69760.84375,26854.878906250004,54790.12500000001
393,69769.234375,27158.695312500004,55064.69140625,69676.14062500001,27033.343750000004,54737.36328125001
394,69704.5234375,25052.296875000004,56553.1484375,69573.1640625,24881.501953125,56187.6484375
395,63385.22265625001,27824.84765625,53010.46093750001,63265.58203125,27941.76953125,53189.6953125
396,63112.59765625,27576.082031250004,53187.71875000001,62972.38281250001,27733.253906250004,53275.64843750001
397,63145.23828125,27133.482421875004,53609.48046875001,63043.72265625,27229.62890625,53780.09765625001
398,63273.73046875,26555.251953125004,53983.42968750001,63163.78125,26624.203125000004,54381.50390625001
399,63677.12500000001,26451.250000000004,54303.00000000001,63582.85937500001,26518.902343750004,54592.53515625001
400,62525.08203125,27807.453125000004,52613.33593750001,62369.49609375001,27947.130859375,52921.37890625
401,63134.87890625001,27380.98828125,53372.953125,63021.38281250001,27484.722656250004,53586.50390625001
402,63827.12890625001,26307.345703125,54453.96875,63752.40625,26320.123046875,54931.05859375
403,61112.80468750001,24701.37890625,55285.546875,60959.07421875001,24803.77734375,55494.25000000001
404,61187.734375,24611.080078125,55509.05468750001,61101.35546875,24727.416015625,55685.87890625001
405,60662.98828125001,25373.845703125,54364.7890625,60491.16796875,25488.291015625004,54598.04687500001
406,61795.08593750001,25134.0625,55041.50390625,61652.21484375001,25227.740234375,55248.57812500001
407,62781.21093750001,26592.695312500004,53756.10546875001,62771.76171875001,26897.19140625,54046.30468750001
408,62822.37500000001,27326.712890625004,53300.30859375,62857.94140625001,27375.492187500004,53533.22265625
409,64703.74218750001,26690.923828125004,54602.53515625001,64710.42187500001,26815.810546875,54774.62500000001
410,64714.3125,26569.376953125,54729.3359375,64677.86328125001,26799.591796875004,54801.41406250001
411,64844.62890625,26892.748046875004,54456.86718750001,64828.58984375,27002.693359375,54704.84765625001
412,64405.10156250001,27658.771484375004,53677.28906250001,64349.4375,27725.05078125,53884.42968750001
413,64534.58203125001,27625.619140625004,53628.3984375,64530.07812500001,27819.982421875,53821.31640625
414,64363.41406250001,26349.935546875,54647.05468750001,64384.08203125001,26525.314453125,54945.46484375
415,64699.76953125,27096.119140625,54169.43359375001,64651.76562500001,27252.078125000004,54421.77343750001
416,71571.3828125,25507.140625000004,49717.13671875,71468.9453125,25562.55859375,49659.109375
417,71433.2890625,25344.19140625,49746.38671875,71351.93750000001,25405.833984375004,49608.85546875
418,71455.5546875,25738.669921875004,50498.03125,71402.2578125,25777.781250000004,50414.54687500001
419,69953.6171875,23116.748046875004,50319.546875,69831.5625,23195.337890625004,50185.27734375001
420,67595.6796875,17157.8984375,46746.05859375001,67593.7109375,17075.447265625,46814.20703125
421,66109.4375,16844.3671875,48016.27734375001,66028.3203125,16889.402343750004,47892.140625
422,55911.25390625,14552.970703125002,51745.16015625001,55812.77343750001,14454.401367187502,51578.46875000001
423,56547.3671875,14438.9775390625,49976.88671875001,56624.19921875,14663.753906250002,50122.34375
424,57612.28125000001,13934.392578125,49495.21484375,57669.65625000001,14082.618164062502,49560.3203125
425,56904.50000000001,15444.724609375002,46647.52734375,57048.69140625,15598.427734375,46709.08203125
426,58643.36328125001,13812.4619140625,48253.24609375001,58579.68750000001,13636.691406250002,48187.90625
427,58407.82421875001,13905.72265625,48369.48828125001,58350.10546875,13721.752929687502,48142.703125
428,58498.08203125001,14495.176757812502,47016.25390625,58443.171875,14303.917968750002,46690.07031250001
429,58133.57421875,14929.680664062502,46038.40234375,58260.15234375,15162.9931640625,46046.82421875001
430,58619.64843750001,14796.622070312502,46278.2421875,58568.19921875,14687.966796875002,46043.49218750001
431,57482.171875,14208.924804687502,49626.17578125001,57437.48828125001,14063.504882812502,49438.30078125
432,57141.84375000001,15179.3759765625,47320.59765625001,56984.80859375,15137.295898437502,47149.85156250001
433,57061.29296875,15642.5478515625,46154.27343750001,57253.93359375001,15759.609375,46153.890625
434,57768.77734375001,14307.204101562502,48376.390625,57709.8671875,14194.0576171875,48303.5625
435,57530.24609375001,13837.1689453125,50524.33984375,57381.35546875,13762.0078125,50694.78125
436,57847.08203125,13954.7666015625,49869.5859375,57795.02734375001,13756.589843750002,49736.4609375
437,58992.12890625001,13396.2705078125,49317.171875,58869.4765625,13164.643554687502,49177.7578125
438,57672.21484375,14066.9365234375,49650.50781250001,57623.69140625,13915.6064453125,49551.1484375
439,58381.62500000001,13745.9033203125,49100.78125,58309.26953125,13606.895507812502,49016.78906250001
440,58350.64062500001,13338.239257812502,50912.828125,58244.75000000001,13164.863281250002,50812.16015625001
441,59131.07421875,13324.798828125002,48783.92578125001,58964.71875,13252.6552734375,48774.046875
442,57786.10546875001,14056.941406250002,49293.62109375,57783.21875000001,13859.173828125,49322.22265625001
443,57327.52734375,14310.1435546875,49682.26171875,57199.12890625001,14166.659179687502,49609.62109375001
444,58154.45312500001,13387.812500000002,51120.02343750001,58057.83203125001,13173.1396484375,50986.3515625
445,57362.93750000001,13653.637695312502,51546.8671875,57284.41015625,13432.650390625002,51403.78125000001
446,57643.21484375001,14118.40625,49643.3515625,57522.43359375001,14009.781250000002,49464.97265625
447,57387.5859375,14409.255859375002,47995.42187500001,57470.78125000001,14541.364257812502,48094.5078125
448,58234.828125,13792.9482421875,49441.06640625,58140.24609375,13632.24609375,49408.00000000001
449,57950.57812500001,13747.803710937502,49306.57421875,58000.1484375,13956.6005859375,49301.62500000001
450,57910.0234375,13709.703125000002,49538.5234375,57960.89062500001,13877.73828125,49556.98046875
451,57954.4375,13671.284179687502,49636.30078125,58022.578125,13810.369140625,49831.69140625
452,57654.421875,13915.035156250002,49522.3046875,57688.21093750001,14025.6142578125,49535.1015625
453,56785.94921875,14049.0546875,50855.45312500001,56862.63281250001,14154.844726562502,50958.37890625001
454,56030.609375,14696.496093750002,50598.27343750001,56120.14453125,14827.095703125002,50714.84375000001
455,56112.953125,14976.496093750002,49429.07421875001,56205.32812500001,15043.8388671875,49438.65234375001
456,55721.29296875001,15090.277343750002,49853.23046875001,55875.55078125001,15257.197265625002,49983.94140625001
457,56306.36328125001,14902.655273437502,48524.2890625,56385.77734375,15154.9853515625,48558.19921875
458,56005.27734375001,14142.608398437502,48127.09375,56134.03125000001,14154.34765625,47967.46484375
459,57628.58984375001,13658.1376953125,50290.27734375001,57712.09375000001,13856.8818359375,50340.59375
460,57848.19921875,13701.319335937502,49878.10546875001,57940.41796875,13841.454101562502,50013.77734375
461,58428.08593750001,13453.371093750002,49193.84375000001,58584.40625,13607.388671875,49297.65625000001
462,57833.421875,14026.0361328125,48477.32421875,57903.89453125,14152.72265625,48561.21875000001
463,57924.44921875001,13963.3525390625,48454.75390625,58055.328125,14078.711914062502,48521.14453125001
464,55979.72656250001,15607.833984375,47656.76171875001,56062.40625,15733.471679687502,47778.3984375
465,61558.10156250001,25112.03125,55061.76953125,61522.69921875001,25213.390625,55173.91796875001
466,61106.59765625001,25127.701171875004,54882.86328125,61031.93750000001,25345.876953125,55033.89062500001
467,61478.64843750001,24725.65234375,55507.19921875001,61426.3671875,24875.05859375,55678.33984375
468,61360.94921875,25107.404296875004,55013.80859375001,61318.47656250001,25227.60546875,55175.23046875
469,61297.14843750001,25248.703125000004,54837.73046875001,61251.953125,25376.886718750004,55004.3359375
470,60074.9765625,25259.646484375004,54191.28125000001,60000.359375,25473.060546875,54431.78125
471,59669.9609375,25553.31640625,53745.56640625,59605.66796875,25739.740234375004,53903.734375
472,58264.74218750001,25738.259765625004,52764.81640625,58053.40625000001,25763.7265625,53094.296875
473,60253.49609375001,26567.826171875,52866.3515625,60238.1796875,26639.609375,53142.703125
474,59970.51953125,26637.689453125004,52565.17578125001,59935.76171875001,26726.978515625,52873.12890625
475,58686.78515625,24913.7578125,53899.77343750001,58580.84765625001,25010.931640625,54369.63671875001
